<?xml version="1.0" encoding="UTF-8"?>
<metadata xml:lang="zh"><Esri><CreaDate>20191204</CreaDate><CreaTime>11001000</CreaTime><ArcGISFormat>1.0</ArcGISFormat><SyncOnce>FALSE</SyncOnce><DataProperties><lineage><Process ToolSource="d:\program files (x86)\arcgis\desktop10.6\ArcToolbox\Toolboxes\Data Management Tools.tbx\PointsToLine" Date="20191204" Time="110010">PointsToLine T20190723 G:\Data_workspace\入侵植物\2019年弄月生物多样性项目调查监测轨迹\result\line20190723.shp Name OBJECTID NO_CLOSE</Process><Process ToolSource="d:\program files (x86)\arcgis\desktop10.6\ArcToolbox\Toolboxes\Data Management Tools.tbx\Merge" Date="20191204" Time="151931">Merge G:\Data_workspace\入侵植物\2019年弄月生物多样性项目调查监测轨迹\result\line20190723.shp;G:\Data_workspace\入侵植物\2019年弄月生物多样性项目调查监测轨迹\result\line20190724.shp;G:\Data_workspace\入侵植物\2019年弄月生物多样性项目调查监测轨迹\result\line20190730.shp;G:\Data_workspace\入侵植物\2019年弄月生物多样性项目调查监测轨迹\result\line20190731.shp;G:\Data_workspace\入侵植物\2019年弄月生物多样性项目调查监测轨迹\result\line20190801.shp;G:\Data_workspace\入侵植物\2019年弄月生物多样性项目调查监测轨迹\result\line20190802.shp;G:\Data_workspace\入侵植物\2019年弄月生物多样性项目调查监测轨迹\result\line20190803.shp;G:\Data_workspace\入侵植物\2019年弄月生物多样性项目调查监测轨迹\result\line20190807.shp;G:\Data_workspace\入侵植物\2019年弄月生物多样性项目调查监测轨迹\result\line20190812.shp;G:\Data_workspace\入侵植物\2019年弄月生物多样性项目调查监测轨迹\result\line20190813.shp;G:\Data_workspace\入侵植物\2019年弄月生物多样性项目调查监测轨迹\result\line20190814.shp;G:\Data_workspace\入侵植物\2019年弄月生物多样性项目调查监测轨迹\result\line20190815.shp;G:\Data_workspace\入侵植物\2019年弄月生物多样性项目调查监测轨迹\result\line20190816.shp;G:\Data_workspace\入侵植物\2019年弄月生物多样性项目调查监测轨迹\result\line20190817.shp;G:\Data_workspace\入侵植物\2019年弄月生物多样性项目调查监测轨迹\result\line20190824.shp;G:\Data_workspace\入侵植物\2019年弄月生物多样性项目调查监测轨迹\result\line20191010.shp;G:\Data_workspace\入侵植物\2019年弄月生物多样性项目调查监测轨迹\result\line20191012.shp;G:\Data_workspace\入侵植物\2019年弄月生物多样性项目调查监测轨迹\result\line20191105.shp;G:\Data_workspace\入侵植物\2019年弄月生物多样性项目调查监测轨迹\result\line20191106.shp;G:\Data_workspace\入侵植物\2019年弄月生物多样性项目调查监测轨迹\result\line20191107.shp;G:\Data_workspace\入侵植物\2019年弄月生物多样性项目调查监测轨迹\result\轨迹_track.shp G:\Data_workspace\入侵植物\2019年弄月生物多样性项目调查监测轨迹\result\巡查.shp "Id "Id" true true false 6 Long 0 6 ,First,#,G:\Data_workspace\入侵植物\2019年弄月生物多样性项目调查监测轨迹\result\line20190723.shp,Id,-1,-1,G:\Data_workspace\入侵植物\2019年弄月生物多样性项目调查监测轨迹\result\line20190724.shp,Id,-1,-1,G:\Data_workspace\入侵植物\2019年弄月生物多样性项目调查监测轨迹\result\line20190730.shp,Id,-1,-1,G:\Data_workspace\入侵植物\2019年弄月生物多样性项目调查监测轨迹\result\line20190731.shp,Id,-1,-1,G:\Data_workspace\入侵植物\2019年弄月生物多样性项目调查监测轨迹\result\line20190801.shp,Id,-1,-1,G:\Data_workspace\入侵植物\2019年弄月生物多样性项目调查监测轨迹\result\line20190807.shp,Id,-1,-1,G:\Data_workspace\入侵植物\2019年弄月生物多样性项目调查监测轨迹\result\line20190812.shp,Id,-1,-1,G:\Data_workspace\入侵植物\2019年弄月生物多样性项目调查监测轨迹\result\line20190813.shp,Id,-1,-1,G:\Data_workspace\入侵植物\2019年弄月生物多样性项目调查监测轨迹\result\line20190814.shp,Id,-1,-1,G:\Data_workspace\入侵植物\2019年弄月生物多样性项目调查监测轨迹\result\line20190815.shp,Id,-1,-1,G:\Data_workspace\入侵植物\2019年弄月生物多样性项目调查监测轨迹\result\line20190816.shp,Id,-1,-1,G:\Data_workspace\入侵植物\2019年弄月生物多样性项目调查监测轨迹\result\line20190817.shp,Id,-1,-1,G:\Data_workspace\入侵植物\2019年弄月生物多样性项目调查监测轨迹\result\line20190824.shp,Id,-1,-1,G:\Data_workspace\入侵植物\2019年弄月生物多样性项目调查监测轨迹\result\line20191010.shp,Id,-1,-1,G:\Data_workspace\入侵植物\2019年弄月生物多样性项目调查监测轨迹\result\line20191012.shp,Id,-1,-1,G:\Data_workspace\入侵植物\2019年弄月生物多样性项目调查监测轨迹\result\line20191105.shp,Id,-1,-1,G:\Data_workspace\入侵植物\2019年弄月生物多样性项目调查监测轨迹\result\line20191106.shp,Id,-1,-1,G:\Data_workspace\入侵植物\2019年弄月生物多样性项目调查监测轨迹\result\line20191107.shp,Id,-1,-1;Name "Name" true true false 254 Text 0 0 ,First,#,G:\Data_workspace\入侵植物\2019年弄月生物多样性项目调查监测轨迹\result\line20190723.shp,Name,-1,-1,G:\Data_workspace\入侵植物\2019年弄月生物多样性项目调查监测轨迹\result\line20190724.shp,Name,-1,-1,G:\Data_workspace\入侵植物\2019年弄月生物多样性项目调查监测轨迹\result\line20190730.shp,Name,-1,-1,G:\Data_workspace\入侵植物\2019年弄月生物多样性项目调查监测轨迹\result\line20190731.shp,Name,-1,-1,G:\Data_workspace\入侵植物\2019年弄月生物多样性项目调查监测轨迹\result\line20190801.shp,Name,-1,-1,G:\Data_workspace\入侵植物\2019年弄月生物多样性项目调查监测轨迹\result\line20190807.shp,Name,-1,-1,G:\Data_workspace\入侵植物\2019年弄月生物多样性项目调查监测轨迹\result\line20190812.shp,Name,-1,-1,G:\Data_workspace\入侵植物\2019年弄月生物多样性项目调查监测轨迹\result\line20190813.shp,Name,-1,-1,G:\Data_workspace\入侵植物\2019年弄月生物多样性项目调查监测轨迹\result\line20190814.shp,Name,-1,-1,G:\Data_workspace\入侵植物\2019年弄月生物多样性项目调查监测轨迹\result\line20190815.shp,Name,-1,-1,G:\Data_workspace\入侵植物\2019年弄月生物多样性项目调查监测轨迹\result\line20190816.shp,Name,-1,-1,G:\Data_workspace\入侵植物\2019年弄月生物多样性项目调查监测轨迹\result\line20190817.shp,Name,-1,-1,G:\Data_workspace\入侵植物\2019年弄月生物多样性项目调查监测轨迹\result\line20190824.shp,Name,-1,-1,G:\Data_workspace\入侵植物\2019年弄月生物多样性项目调查监测轨迹\result\line20191010.shp,Name,-1,-1,G:\Data_workspace\入侵植物\2019年弄月生物多样性项目调查监测轨迹\result\line20191012.shp,Name,-1,-1,G:\Data_workspace\入侵植物\2019年弄月生物多样性项目调查监测轨迹\result\line20191105.shp,Name,-1,-1,G:\Data_workspace\入侵植物\2019年弄月生物多样性项目调查监测轨迹\result\line20191106.shp,Name,-1,-1,G:\Data_workspace\入侵植物\2019年弄月生物多样性项目调查监测轨迹\result\line20191107.shp,Name,-1,-1;OBJECTID "OBJECTID" true true false 10 Long 0 10 ,First,#,G:\Data_workspace\入侵植物\2019年弄月生物多样性项目调查监测轨迹\result\line20190802.shp,OBJECTID,-1,-1,G:\Data_workspace\入侵植物\2019年弄月生物多样性项目调查监测轨迹\result\line20190803.shp,OBJECTID,-1,-1;O_Name "O_Name" true true false 100 Text 0 0 ,First,#,G:\Data_workspace\入侵植物\2019年弄月生物多样性项目调查监测轨迹\result\line20190802.shp,O_Name,-1,-1,G:\Data_workspace\入侵植物\2019年弄月生物多样性项目调查监测轨迹\result\line20190803.shp,O_Name,-1,-1,G:\Data_workspace\入侵植物\2019年弄月生物多样性项目调查监测轨迹\result\轨迹_track.shp,O_Name,-1,-1;O_Comment "O_Comment" true true false 4 Text 0 0 ,First,#,G:\Data_workspace\入侵植物\2019年弄月生物多样性项目调查监测轨迹\result\line20190802.shp,O_Comment,-1,-1,G:\Data_workspace\入侵植物\2019年弄月生物多样性项目调查监测轨迹\result\line20190803.shp,O_Comment,-1,-1,G:\Data_workspace\入侵植物\2019年弄月生物多样性项目调查监测轨迹\result\轨迹_track.shp,O_Comment,-1,-1;O_LClr "O_LClr" true true false 10 Long 0 10 ,First,#,G:\Data_workspace\入侵植物\2019年弄月生物多样性项目调查监测轨迹\result\line20190802.shp,O_LClr,-1,-1,G:\Data_workspace\入侵植物\2019年弄月生物多样性项目调查监测轨迹\result\line20190803.shp,O_LClr,-1,-1,G:\Data_workspace\入侵植物\2019年弄月生物多样性项目调查监测轨迹\result\轨迹_track.shp,O_LClr,-1,-1;O_LWidth "O_LWidth" true true false 10 Long 0 10 ,First,#,G:\Data_workspace\入侵植物\2019年弄月生物多样性项目调查监测轨迹\result\line20190802.shp,O_LWidth,-1,-1,G:\Data_workspace\入侵植物\2019年弄月生物多样性项目调查监测轨迹\result\line20190803.shp,O_LWidth,-1,-1,G:\Data_workspace\入侵植物\2019年弄月生物多样性项目调查监测轨迹\result\轨迹_track.shp,O_LWidth,-1,-1;O_LAlpha "O_LAlpha" true true false 10 Long 0 10 ,First,#,G:\Data_workspace\入侵植物\2019年弄月生物多样性项目调查监测轨迹\result\line20190802.shp,O_LAlpha,-1,-1,G:\Data_workspace\入侵植物\2019年弄月生物多样性项目调查监测轨迹\result\line20190803.shp,O_LAlpha,-1,-1,G:\Data_workspace\入侵植物\2019年弄月生物多样性项目调查监测轨迹\result\轨迹_track.shp,O_LAlpha,-1,-1;O_LType "O_LType" true true false 10 Long 0 10 ,First,#,G:\Data_workspace\入侵植物\2019年弄月生物多样性项目调查监测轨迹\result\line20190802.shp,O_LType,-1,-1,G:\Data_workspace\入侵植物\2019年弄月生物多样性项目调查监测轨迹\result\line20190803.shp,O_LType,-1,-1,G:\Data_workspace\入侵植物\2019年弄月生物多样性项目调查监测轨迹\result\轨迹_track.shp,O_LType,-1,-1;O_SType "O_SType" true true false 10 Long 0 10 ,First,#,G:\Data_workspace\入侵植物\2019年弄月生物多样性项目调查监测轨迹\result\line20190802.shp,O_SType,-1,-1,G:\Data_workspace\入侵植物\2019年弄月生物多样性项目调查监测轨迹\result\line20190803.shp,O_SType,-1,-1,G:\Data_workspace\入侵植物\2019年弄月生物多样性项目调查监测轨迹\result\轨迹_track.shp,O_SType,-1,-1;O_TType "O_TType" true true false 10 Long 0 10 ,First,#,G:\Data_workspace\入侵植物\2019年弄月生物多样性项目调查监测轨迹\result\line20190802.shp,O_TType,-1,-1,G:\Data_workspace\入侵植物\2019年弄月生物多样性项目调查监测轨迹\result\line20190803.shp,O_TType,-1,-1,G:\Data_workspace\入侵植物\2019年弄月生物多样性项目调查监测轨迹\result\轨迹_track.shp,O_TType,-1,-1;Shape_Leng "Shape_Leng" true true false 19 Double 0 0 ,First,#,G:\Data_workspace\入侵植物\2019年弄月生物多样性项目调查监测轨迹\result\line20190802.shp,Shape_Leng,-1,-1,G:\Data_workspace\入侵植物\2019年弄月生物多样性项目调查监测轨迹\result\line20190803.shp,Shape_Leng,-1,-1"</Process></lineage><itemProps><itemName Sync="TRUE">巡查</itemName><imsContentType Sync="TRUE">002</imsContentType><itemSize Sync="TRUE">0.000</itemSize><itemLocation><linkage Sync="TRUE">file://\\LSS\G$\Data_workspace\入侵植物\2019年弄月生物多样性项目调查监测轨迹\result\巡查.shp</linkage><protocol Sync="TRUE">Local Area Network</protocol></itemLocation></itemProps><coordRef><type Sync="TRUE">Geographic</type><geogcsn Sync="TRUE">GCS_WGS_1984</geogcsn><csUnits Sync="TRUE">Angular Unit: Degree (0.017453)</csUnits><peXml Sync="TRUE">&lt;GeographicCoordinateSystem xsi:type='typens:GeographicCoordinateSystem' xmlns:xsi='http://www.w3.org/2001/XMLSchema-instance' xmlns:xs='http://www.w3.org/2001/XMLSchema' xmlns:typens='http://www.esri.com/schemas/ArcGIS/10.6'&gt;&lt;WKT&gt;GEOGCS[&amp;quot;GCS_WGS_1984&amp;quot;,DATUM[&amp;quot;D_WGS_1984&amp;quot;,SPHEROID[&amp;quot;WGS_1984&amp;quot;,6378137.0,298.257223563]],PRIMEM[&amp;quot;Greenwich&amp;quot;,0.0],UNIT[&amp;quot;Degree&amp;quot;,0.0174532925199433]],VERTCS[&amp;quot;WGS_1984&amp;quot;,DATUM[&amp;quot;D_WGS_1984&amp;quot;,SPHEROID[&amp;quot;WGS_1984&amp;quot;,6378137.0,298.257223563]],PARAMETER[&amp;quot;Vertical_Shift&amp;quot;,0.0],PARAMETER[&amp;quot;Direction&amp;quot;,1.0],UNIT[&amp;quot;Meter&amp;quot;,1.0]]&lt;/WKT&gt;&lt;XOrigin&gt;-400&lt;/XOrigin&gt;&lt;YOrigin&gt;-400&lt;/YOrigin&gt;&lt;XYScale&gt;11258999068426.238&lt;/XYScale&gt;&lt;ZOrigin&gt;-100000&lt;/ZOrigin&gt;&lt;ZScale&gt;10000&lt;/ZScale&gt;&lt;MOrigin&gt;-100000&lt;/MOrigin&gt;&lt;MScale&gt;10000&lt;/MScale&gt;&lt;XYTolerance&gt;8.983152841195215e-09&lt;/XYTolerance&gt;&lt;ZTolerance&gt;0.001&lt;/ZTolerance&gt;&lt;MTolerance&gt;0.001&lt;/MTolerance&gt;&lt;HighPrecision&gt;true&lt;/HighPrecision&gt;&lt;LeftLongitude&gt;-180&lt;/LeftLongitude&gt;&lt;WKID&gt;4326&lt;/WKID&gt;&lt;LatestWKID&gt;4326&lt;/LatestWKID&gt;&lt;VCSWKID&gt;115700&lt;/VCSWKID&gt;&lt;LatestVCSWKID&gt;115700&lt;/LatestVCSWKID&gt;&lt;/GeographicCoordinateSystem&gt;</peXml></coordRef></DataProperties><SyncDate>20191204</SyncDate><SyncTime>15192600</SyncTime><ModDate>20191204</ModDate><ModTime>15192600</ModTime></Esri><dataIdInfo><envirDesc Sync="TRUE"> Version 6.2 (Build 9200) ; Esri ArcGIS 10.6.0.8321</envirDesc><dataLang><languageCode value="zho" Sync="TRUE"></languageCode><countryCode value="CHN" Sync="TRUE"></countryCode></dataLang><idCitation><resTitle Sync="TRUE">巡查</resTitle><presForm><PresFormCd value="005" Sync="TRUE"></PresFormCd></presForm></idCitation><spatRpType><SpatRepTypCd value="001" Sync="TRUE"></SpatRepTypCd></spatRpType></dataIdInfo><mdLang><languageCode value="zho" Sync="TRUE"></languageCode><countryCode value="CHN" Sync="TRUE"></countryCode></mdLang><mdChar><CharSetCd value="004" Sync="TRUE"></CharSetCd></mdChar><distInfo><distFormat><formatName Sync="TRUE">Shapefile</formatName></distFormat><distTranOps><transSize Sync="TRUE">0.000</transSize></distTranOps></distInfo><mdHrLv><ScopeCd value="005" Sync="TRUE"></ScopeCd></mdHrLv><mdHrLvName Sync="TRUE">dataset</mdHrLvName><refSysInfo><RefSystem><refSysID><identCode code="4326" Sync="TRUE"></identCode><idCodeSpace Sync="TRUE">EPSG</idCodeSpace><idVersion Sync="TRUE">6.14(3.0.1)</idVersion></refSysID></RefSystem></refSysInfo><spatRepInfo><VectSpatRep><geometObjs Name="巡查"><geoObjTyp><GeoObjTypCd value="002" Sync="TRUE"></GeoObjTypCd></geoObjTyp><geoObjCnt Sync="TRUE">0</geoObjCnt></geometObjs><topLvl><TopoLevCd value="001" Sync="TRUE"></TopoLevCd></topLvl></VectSpatRep></spatRepInfo><spdoinfo><ptvctinf><esriterm Name="巡查"><efeatyp Sync="TRUE">Simple</efeatyp><efeageom code="3" Sync="TRUE"></efeageom><esritopo Sync="TRUE">FALSE</esritopo><efeacnt Sync="TRUE">0</efeacnt><spindex Sync="TRUE">FALSE</spindex><linrefer Sync="TRUE">TRUE</linrefer></esriterm></ptvctinf></spdoinfo><eainfo><detailed Name="巡查"><enttyp><enttypl Sync="TRUE">巡查</enttypl><enttypt Sync="TRUE">Feature Class</enttypt><enttypc Sync="TRUE">0</enttypc></enttyp><attr><attrlabl Sync="TRUE">FID</attrlabl><attalias Sync="TRUE">FID</attalias><attrtype Sync="TRUE">OID</attrtype><attwidth Sync="TRUE">4</attwidth><atprecis Sync="TRUE">0</atprecis><attscale Sync="TRUE">0</attscale><attrdef Sync="TRUE">Internal feature number.</attrdef><attrdefs Sync="TRUE">Esri</attrdefs><attrdomv><udom Sync="TRUE">Sequential unique whole numbers that are automatically generated.</udom></attrdomv></attr><attr><attrlabl Sync="TRUE">Shape</attrlabl><attalias Sync="TRUE">Shape</attalias><attrtype Sync="TRUE">Geometry</attrtype><attwidth Sync="TRUE">0</attwidth><atprecis Sync="TRUE">0</atprecis><attscale Sync="TRUE">0</attscale><attrdef Sync="TRUE">Feature geometry.</attrdef><attrdefs Sync="TRUE">Esri</attrdefs><attrdomv><udom Sync="TRUE">Coordinates defining the features.</udom></attrdomv></attr><attr><attrlabl Sync="TRUE">Id</attrlabl><attalias Sync="TRUE">Id</attalias><attrtype Sync="TRUE">Integer</attrtype><attwidth Sync="TRUE">10</attwidth><atprecis Sync="TRUE">10</atprecis><attscale Sync="TRUE">0</attscale></attr><attr><attrlabl Sync="TRUE">Name</attrlabl><attalias Sync="TRUE">Name</attalias><attrtype Sync="TRUE">String</attrtype><attwidth Sync="TRUE">254</attwidth><atprecis Sync="TRUE">0</atprecis><attscale Sync="TRUE">0</attscale></attr><attr><attrlabl Sync="TRUE">OBJECTID</attrlabl><attalias Sync="TRUE">OBJECTID</attalias><attrtype Sync="TRUE">Integer</attrtype><attwidth Sync="TRUE">10</attwidth><atprecis Sync="TRUE">10</atprecis><attscale Sync="TRUE">0</attscale></attr><attr><attrlabl Sync="TRUE">O_Name</attrlabl><attalias Sync="TRUE">O_Name</attalias><attrtype Sync="TRUE">String</attrtype><attwidth Sync="TRUE">100</attwidth><atprecis Sync="TRUE">0</atprecis><attscale Sync="TRUE">0</attscale></attr><attr><attrlabl Sync="TRUE">O_Comment</attrlabl><attalias Sync="TRUE">O_Comment</attalias><attrtype Sync="TRUE">String</attrtype><attwidth Sync="TRUE">4</attwidth><atprecis Sync="TRUE">0</atprecis><attscale Sync="TRUE">0</attscale></attr><attr><attrlabl Sync="TRUE">O_LClr</attrlabl><attalias Sync="TRUE">O_LClr</attalias><attrtype Sync="TRUE">Integer</attrtype><attwidth Sync="TRUE">10</attwidth><atprecis Sync="TRUE">10</atprecis><attscale Sync="TRUE">0</attscale></attr><attr><attrlabl Sync="TRUE">O_LWidth</attrlabl><attalias Sync="TRUE">O_LWidth</attalias><attrtype Sync="TRUE">Integer</attrtype><attwidth Sync="TRUE">10</attwidth><atprecis Sync="TRUE">10</atprecis><attscale Sync="TRUE">0</attscale></attr><attr><attrlabl Sync="TRUE">O_LAlpha</attrlabl><attalias Sync="TRUE">O_LAlpha</attalias><attrtype Sync="TRUE">Integer</attrtype><attwidth Sync="TRUE">10</attwidth><atprecis Sync="TRUE">10</atprecis><attscale Sync="TRUE">0</attscale></attr><attr><attrlabl Sync="TRUE">O_LType</attrlabl><attalias Sync="TRUE">O_LType</attalias><attrtype Sync="TRUE">Integer</attrtype><attwidth Sync="TRUE">10</attwidth><atprecis Sync="TRUE">10</atprecis><attscale Sync="TRUE">0</attscale></attr><attr><attrlabl Sync="TRUE">O_SType</attrlabl><attalias Sync="TRUE">O_SType</attalias><attrtype Sync="TRUE">Integer</attrtype><attwidth Sync="TRUE">10</attwidth><atprecis Sync="TRUE">10</atprecis><attscale Sync="TRUE">0</attscale></attr><attr><attrlabl Sync="TRUE">O_TType</attrlabl><attalias Sync="TRUE">O_TType</attalias><attrtype Sync="TRUE">Integer</attrtype><attwidth Sync="TRUE">10</attwidth><atprecis Sync="TRUE">10</atprecis><attscale Sync="TRUE">0</attscale></attr><attr><attrlabl Sync="TRUE">Shape_Leng</attrlabl><attalias Sync="TRUE">Shape_Leng</attalias><attrtype Sync="TRUE">Double</attrtype><attwidth Sync="TRUE">19</attwidth><atprecis Sync="TRUE">0</atprecis><attscale Sync="TRUE">0</attscale></attr></detailed></eainfo><mdDateSt Sync="TRUE">20191204</mdDateSt></metadata>
