<?xml version="1.0" encoding="UTF-8"?>
<metadata xml:lang="zh"><Esri><CreaDate>20191209</CreaDate><CreaTime>09005300</CreaTime><ArcGISFormat>1.0</ArcGISFormat><SyncOnce>TRUE</SyncOnce><DataProperties><lineage><Process ToolSource="d:\program files (x86)\arcgis\desktop10.6\ArcToolbox\Toolboxes\Data Management Tools.tbx\CalculateField" Date="20191209" Time="090053">CalculateField 520112001 WT 3 VB #</Process><Process ToolSource="d:\program files (x86)\arcgis\desktop10.6\ArcToolbox\Toolboxes\Data Management Tools.tbx\CalculateField" Date="20191209" Time="090100">CalculateField 520112001 WT 3 VB #</Process><Process ToolSource="d:\program files (x86)\arcgis\desktop10.6\ArcToolbox\Toolboxes\Data Management Tools.tbx\CalculateField" Date="20191209" Time="090113">CalculateField 520112001 WT 2 VB #</Process><Process ToolSource="d:\program files (x86)\arcgis\desktop10.6\ArcToolbox\Toolboxes\Data Management Tools.tbx\CalculateField" Date="20191209" Time="090142">CalculateField 520112001 WT 1 VB #</Process></lineage></DataProperties></Esri></metadata>
