<?xml version="1.0" encoding="UTF-8"?>
<metadata xml:lang="zh"><Esri><CreaDate>20191209</CreaDate><CreaTime>09550200</CreaTime><ArcGISFormat>1.0</ArcGISFormat><SyncOnce>TRUE</SyncOnce><DataProperties><lineage><Process ToolSource="c:\program files (x86)\arcgis\desktop10.2\ArcToolbox\Toolboxes\Data Management Tools.tbx\CalculateField" Date="20191209" Time="095502">CalculateField 关岭县上关镇紫茎泽兰监测点 WT 3 VB #</Process><Process ToolSource="c:\program files (x86)\arcgis\desktop10.2\ArcToolbox\Toolboxes\Data Management Tools.tbx\CalculateField" Date="20191209" Time="095519">CalculateField 关岭县上关镇紫茎泽兰监测点 WT 3 VB #</Process><Process ToolSource="c:\program files (x86)\arcgis\desktop10.2\ArcToolbox\Toolboxes\Data Management Tools.tbx\CalculateField" Date="20191209" Time="095538">CalculateField 关岭县上关镇紫茎泽兰监测点 WT 2 VB #</Process><Process ToolSource="c:\program files (x86)\arcgis\desktop10.2\ArcToolbox\Toolboxes\Data Management Tools.tbx\CalculateField" Date="20191209" Time="095550">CalculateField 关岭县上关镇紫茎泽兰监测点 WT 2 VB #</Process><Process ToolSource="c:\program files (x86)\arcgis\desktop10.2\ArcToolbox\Toolboxes\Data Management Tools.tbx\CalculateField" Date="20191209" Time="095621">CalculateField 关岭县上关镇紫茎泽兰监测点 WT 1 VB #</Process></lineage></DataProperties></Esri></metadata>
