<?xml version="1.0" encoding="UTF-8"?>
<metadata xml:lang="zh"><Esri><CreaDate>20191209</CreaDate><CreaTime>13215300</CreaTime><ArcGISFormat>1.0</ArcGISFormat><SyncOnce>TRUE</SyncOnce><DataProperties><lineage><Process ToolSource="d:\program files (x86)\arcgis\desktop10.2\ArcToolbox\Toolboxes\Data Management Tools.tbx\CalculateField" Date="20191209" Time="132153">CalculateField 石阡县中坝镇河西村空心莲子草潜在入侵监测点 WT 3 VB #</Process><Process ToolSource="d:\program files (x86)\arcgis\desktop10.2\ArcToolbox\Toolboxes\Data Management Tools.tbx\CalculateField" Date="20191209" Time="132401">CalculateField 石阡县中坝镇河西村空心莲子草潜在入侵监测点 WT 2 VB #</Process><Process ToolSource="d:\program files (x86)\arcgis\desktop10.2\ArcToolbox\Toolboxes\Data Management Tools.tbx\CalculateField" Date="20191209" Time="132501">CalculateField 石阡县中坝镇河西村空心莲子草潜在入侵监测点 WT 3 VB #</Process><Process ToolSource="d:\program files (x86)\arcgis\desktop10.2\ArcToolbox\Toolboxes\Data Management Tools.tbx\CalculateField" Date="20191209" Time="132643">CalculateField 石阡县中坝镇河西村空心莲子草潜在入侵监测点 WT 2 VB #</Process><Process ToolSource="d:\program files (x86)\arcgis\desktop10.2\ArcToolbox\Toolboxes\Data Management Tools.tbx\CalculateField" Date="20191209" Time="132839">CalculateField 石阡县中坝镇河西村空心莲子草潜在入侵监测点 WT 1 VB #</Process></lineage></DataProperties></Esri></metadata>
