<?xml version="1.0" encoding="UTF-8"?>
<metadata xml:lang="zh"><Esri><CreaDate>20191209</CreaDate><CreaTime>11160300</CreaTime><ArcGISFormat>1.0</ArcGISFormat><SyncOnce>TRUE</SyncOnce><DataProperties><lineage><Process ToolSource="d:\program files (x86)\arcgis\desktop10.2\ArcToolbox\Toolboxes\Data Management Tools.tbx\CalculateField" Date="20191209" Time="111603">CalculateField 金沙县官田乡官田村空心莲子草监测点 WT 3 VB #</Process><Process ToolSource="d:\program files (x86)\arcgis\desktop10.2\ArcToolbox\Toolboxes\Data Management Tools.tbx\CalculateField" Date="20191209" Time="111748">CalculateField 金沙县官田乡官田村空心莲子草监测点 WT 3 VB #</Process><Process ToolSource="d:\program files (x86)\arcgis\desktop10.2\ArcToolbox\Toolboxes\Data Management Tools.tbx\CalculateField" Date="20191209" Time="111810">CalculateField 金沙县官田乡官田村空心莲子草监测点 WT 2 VB #</Process><Process ToolSource="d:\program files (x86)\arcgis\desktop10.2\ArcToolbox\Toolboxes\Data Management Tools.tbx\CalculateField" Date="20191209" Time="111918">CalculateField 金沙县官田乡官田村空心莲子草监测点 WT 2 VB #</Process><Process ToolSource="d:\program files (x86)\arcgis\desktop10.2\ArcToolbox\Toolboxes\Data Management Tools.tbx\CalculateField" Date="20191209" Time="111958">CalculateField 金沙县官田乡官田村空心莲子草监测点 WT 1 VB #</Process></lineage></DataProperties></Esri></metadata>
