<?xml version="1.0" encoding="UTF-8"?>
<metadata xml:lang="zh"><Esri><CreaDate>20191209</CreaDate><CreaTime>13114300</CreaTime><ArcGISFormat>1.0</ArcGISFormat><SyncOnce>TRUE</SyncOnce><DataProperties><lineage><Process ToolSource="d:\program files (x86)\arcgis\desktop10.2\ArcToolbox\Toolboxes\Data Management Tools.tbx\CalculateField" Date="20191209" Time="131143">CalculateField 七星关区小吉场镇紫茎泽兰监测点（潜在入侵） WT 3 VB #</Process><Process ToolSource="d:\program files (x86)\arcgis\desktop10.2\ArcToolbox\Toolboxes\Data Management Tools.tbx\CalculateField" Date="20191209" Time="131239">CalculateField 七星关区小吉场镇紫茎泽兰监测点（潜在入侵） WT 2 VB #</Process><Process ToolSource="d:\program files (x86)\arcgis\desktop10.2\ArcToolbox\Toolboxes\Data Management Tools.tbx\CalculateField" Date="20191209" Time="131442">CalculateField 七星关区小吉场镇紫茎泽兰监测点（潜在入侵） WT 2 VB #</Process><Process ToolSource="d:\program files (x86)\arcgis\desktop10.2\ArcToolbox\Toolboxes\Data Management Tools.tbx\CalculateField" Date="20191209" Time="131701">CalculateField 七星关区小吉场镇紫茎泽兰监测点（潜在入侵） WT 2 VB #</Process><Process ToolSource="d:\program files (x86)\arcgis\desktop10.2\ArcToolbox\Toolboxes\Data Management Tools.tbx\CalculateField" Date="20191209" Time="131745">CalculateField 七星关区小吉场镇紫茎泽兰监测点（潜在入侵） WT 1 VB #</Process></lineage></DataProperties></Esri></metadata>
