<?xml version="1.0" encoding="UTF-8"?>
<metadata xml:lang="zh"><Esri><CreaDate>20191209</CreaDate><CreaTime>11080200</CreaTime><ArcGISFormat>1.0</ArcGISFormat><SyncOnce>TRUE</SyncOnce><DataProperties><lineage><Process ToolSource="d:\program files (x86)\arcgis\desktop10.2\ArcToolbox\Toolboxes\Data Management Tools.tbx\CalculateField" Date="20191209" Time="110802">CalculateField 金海湖新区发路村猕猴桃原生境保护区 WT 3 VB #</Process><Process ToolSource="d:\program files (x86)\arcgis\desktop10.2\ArcToolbox\Toolboxes\Data Management Tools.tbx\CalculateField" Date="20191209" Time="110924">CalculateField 金海湖新区发路村猕猴桃原生境保护区 WT 3 VB #</Process><Process ToolSource="d:\program files (x86)\arcgis\desktop10.2\ArcToolbox\Toolboxes\Data Management Tools.tbx\CalculateField" Date="20191209" Time="111021">CalculateField 金海湖新区发路村猕猴桃原生境保护区 WT 2 VB #</Process><Process ToolSource="d:\program files (x86)\arcgis\desktop10.2\ArcToolbox\Toolboxes\Data Management Tools.tbx\CalculateField" Date="20191209" Time="111102">CalculateField 金海湖新区发路村猕猴桃原生境保护区 WT 2 VB #</Process></lineage></DataProperties></Esri></metadata>
