<?xml version="1.0" encoding="UTF-8"?>
<metadata xml:lang="zh"><Esri><CreaDate>20191209</CreaDate><CreaTime>10174700</CreaTime><ArcGISFormat>1.0</ArcGISFormat><SyncOnce>TRUE</SyncOnce><DataProperties><lineage><Process ToolSource="c:\program files (x86)\arcgis\desktop10.2\ArcToolbox\Toolboxes\Data Management Tools.tbx\CalculateField" Date="20191209" Time="101747">CalculateField 镇远县舞阳河水域空心莲子草监测点 WT 3 VB #</Process><Process ToolSource="c:\program files (x86)\arcgis\desktop10.2\ArcToolbox\Toolboxes\Data Management Tools.tbx\CalculateField" Date="20191209" Time="101804">CalculateField 镇远县舞阳河水域空心莲子草监测点 WT 2 VB #</Process><Process ToolSource="c:\program files (x86)\arcgis\desktop10.2\ArcToolbox\Toolboxes\Data Management Tools.tbx\CalculateField" Date="20191209" Time="101821">CalculateField 镇远县舞阳河水域空心莲子草监测点 WT 1 VB #</Process></lineage></DataProperties></Esri></metadata>
